{"cameraMode":{"drawMode":0,"name":"Shaded","section":"Shading Mode"},"sceneLighting":false,"audioPlay":false,"sceneViewState":{"m_AlwaysRefresh":false,"showFog":true,"showSkybox":false,"showFlares":true,"showImageEffects":true,"showParticleSystems":true,"showVisualEffectGraphs":true,"m_FxEnabled":true},"in2DMode":false,"pivot":{"x":-0.2972903549671173,"y":0.4084728956222534,"z":0.1981334686279297},"rotation":{"x":-0.18948185443878175,"y":0.04181148111820221,"z":-0.008076257072389126,"w":-0.9809604287147522},"size":1.6731009483337403,"orthographic":false}